id,title,description,publishedAt,channelId,channelTitle,tags,categoryId,duration,durationSeconds,viewCount,commentCount,definicion,idioma_audio,likeCount
MSWcRKtt-SM,¿Es esta la conclusión del EFECTO PLACEBO?,"Descubre los secretos del placebo

Suscríbete 🔔

#clips #curiosidades #datoscuriosos #datosinteresantes #ciencia #science #tecnologia #shortsfeed #shortsvideo #fy #viralvideos #viralshorts #neurociencia #neuroscience #neurología #neurology #salud",2026-02-23T03:00:18Z,UChOuQTrD9XSv9vNgJh8MjQw,Curiosidades al descubierto,,28,PT22S,22,1793,0,hd,es-419,0
vBGbjXWwV_g,Así JUEGA con tu EXPECTATIVA el EFECTO PLACEBO…,"Descubre los secretos y curiosidades del efecto placebo

Suscríbete 🔔

#curiosidades #ciencia #cienciadelamente #science #tecnologia #technology #clips #fypage #fy #shortsvideo #sciencefacts #facts #neurociencia #neurología",2026-02-22T22:00:50Z,UChOuQTrD9XSv9vNgJh8MjQw,Curiosidades al descubierto,,28,PT37S,37,1109,0,hd,es-419,0
wbIbgtKqdk8,Así funciona el PLACEBO ABIERTO,"Descubre el poder del placebo abierto

Suscríbete 🔔

#clips #ciencia #placebo #placeboeffect #neurociencia #neuroscience #shortsfeed #fypシ #datoscuriosos #curiosidades #curiosities",2026-02-21T20:30:11Z,UChOuQTrD9XSv9vNgJh8MjQw,Curiosidades al descubierto,,28,PT41S,41,1345,0,hd,es-419,0
1lkLbPO-POQ,¿Que es el EFECTO NOCEBO?,"Descubre cual es el efecto nocebo 

Suscríbete al canal para ver mas videos interesantes 🔔

#ciencia #tecnologia #neurociencia #neuroscience #science #technology #neurologia #clips #shortfeed #fypage #fypシ #fy",2026-02-21T17:32:12Z,UChOuQTrD9XSv9vNgJh8MjQw,Curiosidades al descubierto,,28,PT22S,22,269,0,hd,es-419,0
uTxcT1HQ-es,De esto DEPENDE El Efecto Placebo para funcionar…,"Suscríbete al canal para ver mas videos interesantes🔔

#curiosidades #clips #ciencia #neurociencia #tecnologia #placebo #mente #shorts #clip #ciência #datoscuriosos",2026-02-17T02:21:57Z,UChOuQTrD9XSv9vNgJh8MjQw,Curiosidades al descubierto,,28,PT27S,27,1168,0,hd,es-419,0
8aUgYwz35pE,Así se ve El Efecto Placebo cuando vemos películas de terror..       #clips #ciencia #neurociencia,"Suscríbete al canal para ver el video completo 🔔

#curiosidades #ciencia #clips #placebo #placeboeffect #efectoplacebo #neurociencia #neuroscience #shortsyoutube #science",2026-02-16T03:25:37Z,UChOuQTrD9XSv9vNgJh8MjQw,Curiosidades al descubierto,,28,PT24S,24,911,0,hd,es-419,0
mH5g8T2Sg-E,¿Puede El Placebo curar el dolor crónico?                            #ciencia #clips #curiosidades,,2026-02-15T18:00:48Z,UChOuQTrD9XSv9vNgJh8MjQw,Curiosidades al descubierto,,28,PT26S,26,1559,2,hd,es-419,0
hWTtPyE8Ns8,¿Cómo es que funciona El Efecto Placebo?,,2026-02-14T20:00:28Z,UChOuQTrD9XSv9vNgJh8MjQw,Curiosidades al descubierto,,28,PT32S,32,238,0,hd,es-419,0
KqV-6esxVtA,¿Y si la Medicina es Solo Código en Tu Cerebro?,,2026-02-14T03:03:47Z,UChOuQTrD9XSv9vNgJh8MjQw,Curiosidades al descubierto,,28,PT33S,33,1394,0,hd,es-419,0
V_XcqaU6UHA,El Efecto Placebo: El poder oculto del cerebro,"Descubre qué es el efecto placebo y cómo el cerebro humano puede generar cambios reales en el cuerpo sin necesidad de medicamentos. 

En este video explicamos, desde la neurociencia y la psicología, cómo funciona el efecto placebo, por qué la mente influye en la salud y de qué manera las creencias y expectativas activan procesos biológicos medibles como la reducción del dolor y la mejora de síntomas. 
Analizamos estudios científicos, ejemplos reales y analogías simples para entender la conexión entre mente y cuerpo, el uso del placebo en la medicina moderna, los ensayos clínicos y el llamado efecto nocebo.

 Si te interesa la divulgación científica, el funcionamiento del cerebro y la ciencia detrás de la mente humana, este video te ayudará a comprender uno de los fenómenos más sorprendentes de la ciencia.

👉 Suscríbete y activa la campana 🔔 para no perderte ningún video.  
Tu curiosidad es el motor de este canal. 

Hazlo aqui:
https://youtube.com/@Curiosidadesaldescubierto?sub_confirmation=1

TikTok/ https://www.tiktok.com/@curiosidadesad

#placebo #placeboeffect #ciencia #neurociencia #neuroscience #curiosidades #datoscuriosos",2026-02-14T00:00:06Z,UChOuQTrD9XSv9vNgJh8MjQw,Curiosidades al descubierto,ciencia y tecnología|ingeniería explicada|funcionamiento de máquinas|motores internos|tecnología desde dentro|robots explicados|sistemas electrónicos|inteligencia artificial|curiosidades|datos curiosos|ciencia|tecnologia,28,PT6M7S,367,38,0,hd,es-419,0
PU8OvobpH6k,Estos son los dos grupos de VITAMINAS,"Los dos grandes grupos de las vitaminas 

Suscríbete 🔔

#clips #curiosidades #datoscuriosos #ciencia #vitaminas #clips #shortsfeed #shortsviral #shorts #fypage #parati #español #latinoamerica #tecnologia #medicine #medicina #salud #health",2026-01-30T19:00:33Z,UChOuQTrD9XSv9vNgJh8MjQw,Curiosidades al descubierto,,28,PT28S,28,1799,0,hd,es-419,0
NVLZRtZAWig,¿Cuales son los BENEFICIOS de las VITAMINAS?,"Estos son los beneficios que dan las vitaminas a tu cuerpo!

Suscríbete 🔔

#curiosidades #datoscuriosos #ciencia #vitaminas #ciência #cienciassociales #tecnologia #vitamina #vitamin #clips #shorts #foryou #explorar",2026-01-30T17:00:42Z,UChOuQTrD9XSv9vNgJh8MjQw,Curiosidades al descubierto,,28,PT16S,16,1533,0,hd,es-419,0
QXtqZIoDRUo,Así la IA MODERNA nació de decisiones Markovianas,"Descubre como la inteligencia artificial moderna nació de decisiones Markovianas

Suscríbete 🔔

#ia #ai #aivideo #aishorts #curiosidades #ciencia #tecnologia #clips #shortsfeed #tecnología #tech #techshorts #science #algoritmo #algorithm #inteligenciaartificial #artificialintelligence #feedshorts #curiosidadesdomundo #facts",2026-01-28T15:00:51Z,UChOuQTrD9XSv9vNgJh8MjQw,Curiosidades al descubierto,,28,PT21S,21,86,0,hd,es-419,0
Gk85KRQNpOc,Los NPC toman decisiones con esta FÓRMULA SECRETA,"Así es como los npc's usan las cadenas de Markov para responder en cada momento

Suscríbete 🔔

#videojuegos #npc #game #videogames #tecnologia #tecnología #tech #technology #clips #datoscuriosos #curiosidades #datosinteresantes #ciencia #science #sciencefacts #facts #explorar #exploremore #explorepage #shortsviral #feedshorts",2026-01-27T22:00:30Z,UChOuQTrD9XSv9vNgJh8MjQw,Curiosidades al descubierto,,28,PT34S,34,236,0,hd,es-419,0
WNg-q6CIP4w,Así la CIBERSEGURIDAD implementa las Cadenas de Markov,"Descubre como la ciberseguridad usa el algoritmo de las cadenas de Markov

Suscríbete🔔

#curiosidades #datoscuriosos #ciencia #ciberseguridad #cybersecurity #ai #ia #shortsfeed #markov #cadenas #algoritmo #algorithm #science #ciência #cienciadelamente #techshorts #technology #techgadgets #shortsviral #video #viralnews",2026-01-27T18:00:38Z,UChOuQTrD9XSv9vNgJh8MjQw,Curiosidades al descubierto,,28,PT31S,31,77,0,hd,es-419,0
IRINX2LXJkY,Así USA un TESLA las cadenas de Markov,"Descubre como un automóvil Tesla usa las cadenas de Markov

Suscríbete 🔔

#clips #shortsfeed #tecnologia #tesla #teslamodely #ciencia #clip #shortsfeed #shorts #tech #cars #coches #automobile #auto #electriccar #technology #markov #chains #ai #ia",2026-01-27T15:00:30Z,UChOuQTrD9XSv9vNgJh8MjQw,Curiosidades al descubierto,,28,PT19S,19,1281,0,hd,es-419,0
cOoTeJh1gDU,¿Cómo genera las rutas tu GPS?,"Descubre como se generan las rutas cuando escoges un punto hacia donde ir en Google Maps o Waze

Suscríbete al canal! 🔔

#clips #curiosidades #algoritmo #ciencia #sabiasque #universo #smartphone #clipsvideo #datoscuriosos #science #gps #googlemaps #ruta #waze #shorts #tecnologia #tecnología #tech",2026-01-24T22:00:38Z,UChOuQTrD9XSv9vNgJh8MjQw,Curiosidades al descubierto,,28,PT33S,33,137,0,hd,es-419,0
r0qxnkc0-xg,Asi se VERÍAN las VITAMINAS en nuestro ecosistema interior!,"Imagina como es el interior de tu cuerpo en forma de una mini ciudad lleno de ecosistemas 

Suscríbete! 🔔

#clips #curiosidades #algoritmo #ciencia #sabiasque #universo #smartphone #clipsvideo #datoscuriosos #science #vitaminas #vitamin #ciência #datoscuriosos #tecnologia #tecnología #vitaminac #vitamin #clips #paratiii",2026-01-24T20:00:41Z,UChOuQTrD9XSv9vNgJh8MjQw,Curiosidades al descubierto,,28,PT32S,32,1344,2,hd,es-419,0
qsyrzRDGUSs,Esto es lo que pasa cuando tu celular TE ESCUCHA,"Así funciona la tecnología de tu celular cuando te escucha!

#clips #curiosidades #algoritmo #ciencia #sabiasque #universo #smartphone #clipsvideo #datoscuriosos #science",2026-01-24T18:00:57Z,UChOuQTrD9XSv9vNgJh8MjQw,Curiosidades al descubierto,,28,PT35S,35,369,0,hd,es-419,0
AagM3HIm_9o,Vitaminas: La ciencia detrás de lo que tu cuerpo necesita,"¿Para qué sirven las vitaminas y cuáles necesita realmente tu cuerpo? 💊🧠
En este video te explicamos la ciencia detrás de las vitaminas, cómo funcionan en tu organismo y por qué son esenciales para tu salud.

Aprenderás:

Qué son las vitaminas y cómo actúan en el cuerpo humano

Tipos de vitaminas: A, B, C, D, E y K

Beneficios reales de las vitaminas según la ciencia

Diferencia entre vitaminas naturales y suplementos

Errores comunes al consumir vitaminas

¿Cuándo es necesario tomar suplementos?

Este video está basado en información científica actual y explicado de forma clara y sencilla, ideal si buscas mejorar tu salud, entender la nutrición y evitar mitos populares.

👉 Quédate hasta el final para descubrir datos clave que pueden cambiar la forma en que cuidas tu cuerpo.

👍 Suscríbete para más videos de ciencia, salud y nutrición
🔔 Activa la campana para no perderte nuevo contenido

Hazlo aqui:
https://youtube.com/@Curiosidadesaldescubierto?sub_confirmation=1

TikTok/ https://www.tiktok.com/@curiosidadesad

#vitaminas #salud #ciencia #nutricion #biologia #science",2026-01-24T18:00:06Z,UChOuQTrD9XSv9vNgJh8MjQw,Curiosidades al descubierto,ciencia y tecnología|ingeniería explicada|funcionamiento de máquinas|motores internos|tecnología desde dentro|robots explicados|sistemas electrónicos|inteligencia artificial|curiosidades|datos curiosos|ciencia|tecnologia|biologia|vitaminas|cuerpo humano,28,PT3M1S,181,19,0,hd,es-419,0
F7GgklUNfNQ,Así FUNCIONAN los ALGORITMOS SECRETOS en tu dispositivo,"Nada es aleatorio. Aunque no lo veas, hay estados ocultos decidiendo todo. Así funcionan los Modelos Ocultos de Markov.

#curiosidades #sabiasque #clips #datoscuriosos #universo #algoritmo #clipsvideo #algorithm #markov #clips #feedshorts #science #ciencia #tecnologia #iphone #explorar #parati #tecnología #pc #iphone #smartphone #fypage #fyp #viralvideos #viralshorts #viralvideo",2026-01-23T23:00:17Z,UChOuQTrD9XSv9vNgJh8MjQw,Curiosidades al descubierto,,28,PT30S,30,169,0,hd,es-419,0
Is73IHqj6bM,¿La Bolsa se puede predecir? #finanzas #tecnologia #clips,"¿Y si el mercado no fuera caos puro? 📉📈
Modelos matemáticos como las cadenas de Markov intentan anticipar el próximo movimiento… y los resultados sorprenden.

#finanzas #finance #bolsadevalores #mercadofinanceiro #tecnologia #tecnología #clips #shortsfeed #tech #techshorts #viral #fypage #parati #dinero #money #datoscuriosos #curiosidades",2026-01-23T14:00:34Z,UChOuQTrD9XSv9vNgJh8MjQw,Curiosidades al descubierto,,28,PT31S,31,139,0,hd,es-419,0
lGeByaQoNlg,El ALGORITMO que hizo a Google IMPARABLE,"Google no dominó Internet por suerte.
Un algoritmo matemático decidió quién subía… y quién desaparecía.

Suscríbete y ve el video completo!🔔

#curiosidades #ciencia #datoscuriosos #tecnologia #google #googleearth #googlemaps #algoritmo #exploremore #fypage #science #sabiasque #clipsvideo #clips #viralvideos #viral #viralreels #ciência #technology #computer",2026-01-21T14:01:22Z,UChOuQTrD9XSv9vNgJh8MjQw,Curiosidades al descubierto,,28,PT35S,35,232,0,hd,es-419,0
nJb7qFA2Pec,ASI RECUERDA EL ALGORITMO TUS DATOS!,"Mira como el algoritmo no tiene memoria en base a tus búsquedas recientes 

Mira el video completo en el canal y suscríbete!🔔

#ciencia #tecnologia #clips #tecnología #science #sciencefact #sciencefacts #ciência #tech #technology #curiosidades #curiosities #datoscuriosos #datos #ai #ia #algoritmo #clipsvideo #shortsviral #shorts #viralshorts #viralvideos #viralreels #explorar #paratii #parati #fypage",2026-01-20T02:45:07Z,UChOuQTrD9XSv9vNgJh8MjQw,Curiosidades al descubierto,,28,PT24S,24,730,0,hd,es-419,0
owkfGVtMV3A,Así TE MANIPULA el algoritmo de TikTok,"Descubre como el algoritmo de TikTok te muestra sugerencias y decide cual es el siguiente video para mostrar 👀

Suscríbete al canal para ver el video completo🔔

#ciencia #tecnologia #tiktok #tiktokvideo #tiktokviral #tiktoktrend #datoscuriosos #curiosidades #curiosities #youtube #clipsvideo #clip #shortsfeed #shortsviral #shortvideo #viralvideo #viralvideos #reels #sciencefacts #facts #datos #datosinteresantes #explore",2026-01-20T01:01:09Z,UChOuQTrD9XSv9vNgJh8MjQw,Curiosidades al descubierto,,28,PT23S,23,471,0,hd,es-419,0
OvdKagQOnt0,Las Cadenas de Markov: ¿Por qué el presente predice el futuro?,"¿Cómo es que algunas cosas parecen predecirse solas?
Recomendaciones, decisiones, patrones… incluso el comportamiento humano.
En el fondo de todo eso hay una idea sorprendentemente simple: Las Cadenas de Markov.

En este video te explico qué son y cómo funcionan desde cero, con ejemplos claros y situaciones cotidianas que hacen que el concepto se sienta natural, no técnico. No necesitas saber matemáticas avanzadas: solo curiosidad.

Verás cómo una regla tan sencilla —que solo importa el estado actual— puede explicar sistemas complejos usados en ciencia, tecnología e inteligencia artificial, y por qué este modelo cambió la forma en que entendemos la predicción.

Si te gusta la ciencia explicada con calma, sentido y analogías reales, este video es para ti.
Dale play y descubre por qué una idea tan simple puede ser tan poderosa.

👉 Suscríbete y activa la campana 🔔 para no perderte ningún video.  
Tu curiosidad es el motor de este canal. 

Hazlo aqui:
https://youtube.com/@Curiosidadesaldescubierto?sub_confirmation=1

TikTok/ https://www.tiktok.com/@curiosidadesad


#tecnologia #algoritmo #algorithm #ciencia #science #inteligenciaartificial #ai #ia #curiosidades #datoscuriosos",2026-01-19T18:13:05Z,UChOuQTrD9XSv9vNgJh8MjQw,Curiosidades al descubierto,ciencia y tecnología|ingeniería explicada|funcionamiento de máquinas|motores internos|tecnología desde dentro|robots explicados|sistemas electrónicos|inteligencia artificial|curiosidades|datos curiosos|ciencia|tecnologia,28,PT9M31S,571,56,0,hd,es-419,0
XouQLlVqtBQ,La matemática que hace todo más rápido (y nadie lo nota),"Descubre como la eficiencia de las cadenas de Markov funciona diariamente

Suscríbete🔔

Dale like al video y ve al canal para ver el video completo! ⬇️

#ciencia #inteligenciaartificial #ai #algoritmo #algorithm #youtube #tecnologia #tech #tecnología #techshorts #techlover #technews #clipsvideo #parati #cienciadelamente #datoscuriosos #curiosidades #curiosity #curiosities #curiosidade #curiosidadesdomundo #google",2026-01-19T06:00:25Z,UChOuQTrD9XSv9vNgJh8MjQw,Curiosidades al descubierto,,28,PT15S,15,296,0,hd,es-419,0
BpksAQzUBAw,Este algoritmo DECIDE lo que pasará después,"Así es como las cadenas de Markov hacen su trabajo con una simple analogía! 🤖

Suscríbete al canal para ver mas videos interesantes y haz click en el video relacionado para verlo completo! 🔔

#curiosidades #datoscuriosos #datos #datosinteresantes #ciencia #tecnologia #tecnología #techshorts #tech #science #facts  #clips #clipsvideo #shorts #youtube #exploremore #explorepage #parati #fypage #fyp #paratii #viral #viralreels #viralnews #shortsvideos #shortviral #google #iphone",2026-01-19T00:00:11Z,UChOuQTrD9XSv9vNgJh8MjQw,Curiosidades al descubierto,,28,PT22S,22,386,0,hd,es-419,0
KccnQ8t3ak4,¿Que son las Cadenas de Markov?,"Ven y descubre que son las cadenas de Markov en todo lo que usamos diariamente

Suscríbete al canal para ver videos interesantes y da click en el video relacionado para verlo completo! 🔔

#ciencia #tecnologia #techshorts #shorts #science #inteligenciaartificial #ai #algoritmo #algorithm #youtube #adn #tecnología #tech #clips #video #videogames #videojuegos #callofduty #xbox #finance #finanzas #clips #shortsfeed",2026-01-18T21:00:30Z,UChOuQTrD9XSv9vNgJh8MjQw,Curiosidades al descubierto,,28,PT23S,23,434,0,hd,es-419,0
oNf7VCB0BGw,La VERDAD OCULTA: Tu TV captaba el origen del universo,"¿Sabías que la estática de los televisores antiguos no era solo ruido? 👀📺

Una parte de esa “nieve blanca” venía directamente… del Big Bang.

Sí: estabas viendo fotones que viajaron 13,800 millones de años hasta tu sala.

Un auténtico fósil cósmico pasando desapercibido frente a tus ojos. 🌌✨

👉 Suscríbete y activa la campana 🔔 para no perderte ningún video.  
Tu curiosidad es el motor de este canal. Hazlo aqui:
https://youtube.com/@Curiosidadesaldescubierto?sub_confirmation=1

#curiosidades #datoscuriosos #ciencia #clips #science #facts #sciencefacts #explore #explorepage #shorts #tecnología #tv #television #televisión #bigbang #universe #universo #origin #sabiasque #exploremore #latinoamerica #analogic #analogico #explosion #fypage #fyp",2025-12-05T18:10:00Z,UChOuQTrD9XSv9vNgJh8MjQw,Curiosidades al descubierto,ciencia y tecnología|ingeniería explicada|funcionamiento de máquinas|motores internos|tecnología desde dentro|robots explicados|cómo funciona un ordenador|sistemas electrónicos|inteligencia artificial|curiosidades|datos curiosos|ciencia|tecnologia,28,PT47S,47,900,2,hd,es-419,0
rwAZ08DWSts,Lo que QUIEREN DECIR tus SUEÑOS (y no te das cuenta),"Descubre lo que dicen tus sueños

Haz click en el video relacionado para verlo completo ⬇️

#curiosidades #datoscuriosos #ciencia #sueños #sueño #science #sciencefact #facts #datos #hechos #clipsvideo #clips #shortsviral #shorts #clip #explore #fy #foryou #video #español #laboratory #brain #cerebro #neuroscience #neurociencia #cienciadelamente",2025-12-02T01:01:15Z,UChOuQTrD9XSv9vNgJh8MjQw,Curiosidades al descubierto,,28,PT12S,12,464,0,hd,es-419,0
3OSi06Bstg4,Los SECRETOS de los sueños (y su significado),"Descubre los secretos de los sueños

Haz click en el video para verlo completo ⬇️

#curiosidades #sueños #dream #dreams #shortsviral #clipsvideo #clip #clips #youtubeshorts #feed #explore #ciencia #mente #salud #health #saludmental #mentalhealth #shorts #datoscuriosos #español #espanol #spanish",2025-12-01T22:00:06Z,UChOuQTrD9XSv9vNgJh8MjQw,Curiosidades al descubierto,,28,PT16S,16,144,0,hd,es-419,0
Yk_Hq9WfEwk,Esto hace tu RED NEURONAL (y no lo sabías…),"Descubre lo que hace tu red neuronal

Haz click en el video relacionado para verlo completo ⬆️

#curiosidades #ciencia #sueños #sueño #sueñas #dream #dreams #clipsvideo #shortsviral #español #latino #ciencia #shorts #cienciadelamente #mente #mindset #latinoamerica #latino #explore #techshorts #tecnología #cienciaexplicada #sciencefact #science",2025-12-01T20:35:00Z,UChOuQTrD9XSv9vNgJh8MjQw,Curiosidades al descubierto,,28,PT15S,15,73,0,hd,es-419,0
Vnt3FPJi4aw,Así INFLUYEN los VIDEOJUEGOS en la Dopamina,"De esta manera los videojuegos o los regalos influyen en tu dopamina

Haz click en el video relacionado para verlo completo ⬇️

#curiosidades #datoscuriosos #ciencia #videojuego #videogames #regalo #regalos #gift #xbox #control #tecnología #techshorts #dopamina #dopamine #dopaminedetox #clipsvideo #clips #shortsviral #shortvideo #explore #short #feed #feedshorts #español #latino #latinoamerica #sciencefact #science #sciencefacts",2025-11-30T03:00:40Z,UChOuQTrD9XSv9vNgJh8MjQw,Curiosidades al descubierto,,28,PT16S,16,1589,0,hd,es-419,0
vNPMEsn8PqA,Esto pasa al NUTRIR bien tu cuerpo (aunque no lo creas),"Esto pasa si nutres bien tu cuerpo, crea dopamina!

Haz click en el video relacionado para verlo completo ⬇️

#curiosidades #dopamina #food #comida #nutrition #nutricion #explore #clipsvideo #shortsviral #viral #fyp #fypシ #fypシ゚viral #fy #fypage #fypyoutube #fypp #shorts #feed #spanish #español #latinoamerica #ciencia #salud #tecnología #techlover #technology #techshorts #sciencefact #science",2025-11-30T00:01:08Z,UChOuQTrD9XSv9vNgJh8MjQw,Curiosidades al descubierto,,28,PT16S,16,128,0,hd,es-419,0
hIJqDm25wxg,￼Lo que NADIE sabe del ÁREA TEGMENTAL VENTRAL…,"Esto es lo que nadie te dice del area tegmental ventral del cerebro

Haz click en el video relacionado para verlo completo! ⬇️

#curiosidades #ciencia #dopamina #dopamine #medicine #salud #datoscuriosos #tecnología #technology #techshorts #clipsvideo #youtubeshorts #español #latinoamerica #shortsyoutube #shortvideo #explore #tecnologia #cienciadelamente #facts",2025-11-29T20:30:10Z,UChOuQTrD9XSv9vNgJh8MjQw,Curiosidades al descubierto,,28,PT15S,15,940,0,hd,es-419,0
M1RDupSctkg,Tu estufa SABE si hay olla… y así lo detecta,"¿Sabías que tu estufa eléctrica puede detectar si tienes una olla encima antes de calentar? 🔥🍳

En este video te muestro de forma visual cómo funciona ese sistema: el sensor escondido bajo el vidrio, cómo mide la temperatura y el truco que usa para saber si estás cocinando… o no.
Un mecanismo simple, pero sorprendentemente inteligente.

👉 Suscríbete y activa la campana 🔔 para no perderte ningún video.  
Tu curiosidad es el motor de este canal. Hazlo aqui:
https://youtube.com/@Curiosidadesaldescubierto?sub_confirmation=1

#curiosidades #parrilla #estufa #inducción #sartén #cocina #cooking #cook #cookingvideo #tecnología #tecnologia #tech #techlover #explore #español #latinoamerica #clipsvideo #shortsviral #viral #clips #youtubeshorts #smart #smarthome #datoscuriosos #sabiasque",2025-11-28T22:30:07Z,UChOuQTrD9XSv9vNgJh8MjQw,Curiosidades al descubierto,ciencia y tecnología|ingeniería explicada|funcionamiento de máquinas|motores internos|tecnología desde dentro|robots explicados|sistemas electrónicos|inteligencia artificial|curiosidades|datos curiosos|ciencia|tecnologia,28,PT1M1S,61,1525,0,hd,es-419,0
IVEr-ZKuCuQ,Así se “VERÍA” el Wi‑Fi... (si realmente pudiéramos),"¿Alguna vez te has preguntado cómo se vería el Wi-Fi si nuestros ojos pudieran detectarlo? 🌐✨

En este video te muestro de forma visual y simple cómo se mueven realmente las ondas por tu casa, cómo atraviesan paredes, por qué algunas zonas tienen mala señal y qué aparatos interfieren con ella.

Un vistazo rápido y sorprendente a un mundo que siempre estuvo ahí… pero nunca pudiste ver.

👉 Suscríbete y activa la campana 🔔 para no perderte ningún video.  
Tu curiosidad es el motor de este canal. Hazlo aqui:
https://youtube.com/@Curiosidadesaldescubierto?sub_confirmation=1

#curiosidades #wifi #wifilife #internet #ciencia #tecnología #tecnologia #technology #tech #clipsvideo #shortsviral #sciencefact #science #video #shortsviral #techlover #gadgets #smartphone #datoscuriosos #sabiasque",2025-11-28T03:30:12Z,UChOuQTrD9XSv9vNgJh8MjQw,Curiosidades al descubierto,ciencia y tecnología|ingeniería explicada|funcionamiento de máquinas|motores internos|tecnología desde dentro|robots explicados|sistemas electrónicos|inteligencia artificial|blockchain explicado|curiosidades|datos curiosos|ciencia|tecnologia,28,PT1M,60,1503,2,hd,es-419,0
joX-o-dBR4M,Tu MICROONDAS hace esto en tu comida...,"¿Alguna vez te has preguntado qué hacen realmente las microondas dentro de tu comida? 🍽️⚡
En este video te lo explico de forma rápida y visual: cómo las microondas hacen vibrar las moléculas de agua, por qué el calor viene “desde adentro”, qué papel juega el magnetrón y por qué algunas zonas quedan más calientes que otras.

Una explicación simple, directa y perfecta para entender la ciencia detrás de un aparato que usas todos los días sin pensarlo.
¡Dale like y cuéntame qué otro aparato quieres que explique! 🙌

👉 Suscríbete y activa la campana 🔔 para no perderte ningún video.  
Tu curiosidad es el motor de este canal. Hazlo aqui:
https://youtube.com/@Curiosidadesaldescubierto?sub_confirmation=1

#curiosidades #microondas #microwave #datoscuriosos #tecnología #tecnologia #techshorts #tech #technology #clips #shortsviral #shorts #explore #ciencia #sciencefacts #hechos #datos #datosinteresantes #viral #fyp #parati #español #youtubeshorts #shortvideo",2025-11-27T16:45:10Z,UChOuQTrD9XSv9vNgJh8MjQw,Curiosidades al descubierto,ciencia y tecnología|funcionamiento de máquinas|motores internos|curiosidades|datos curiosos|ciencia|tecnologia,28,PT1M1S,61,1342,2,hd,es-419,0
L0YTPM9WPaw,Así estás quemando tu dopamina (y no lo notas)  #curiosidades #datoscuriosos #ciencia #dopamine #fy,"Asi se quema tu dopamina con los hábitos que tienes

Haz click en el video relacionado para verlo completo!

#curiosidades #ciencia #dopamina #dopamine #dopaminedetox #mente #cerebro #brain #clips #shortsviral #explore #explorepage #exploremore #shortsyoutube #shortsviral #shorts #short #shortsfeed #feedshorts #feed #trending #trends #youtube #tecnologia #medicina #medicine #health #salud #habits #hábitos",2025-11-26T18:29:01Z,UChOuQTrD9XSv9vNgJh8MjQw,Curiosidades al descubierto,,28,PT31S,31,370,0,hd,es-419,0
OATbq79X_8E,Lo que NADIE te dice de cómo funciona una GoPro #curiosidades #tecnologia #gopro #actioncamera #fy,"¿Alguna vez te preguntaste qué hace que una GoPro sea tan poderosa a pesar de ser tan pequeña?

 En este video te muestro, de forma rápida y visual, cómo funciona por dentro: su sensor diminuto, su lente gran angular, la estabilización avanzada, el procesador que hace magia en tiempo real y toda la tecnología que la convierte en una de las cámaras más resistentes del mundo. 

Si te gustan los gadgets y la ciencia detrás de ellos, este short es para ti. 📸⚙️

#gopro #tecnologia #curiosidades #tecnología #tech #technology #clips #ciencia #gadgets #techshorts #shortsviral #clip #shortsyoutube 

👉 Suscríbete y activa la campana 🔔 para no perderte ningún video.  
Tu curiosidad es el motor de este canal. Hazlo aqui:
https://youtube.com/@Curiosidadesaldescubierto?sub_confirmation=1",2025-11-26T14:00:46Z,UChOuQTrD9XSv9vNgJh8MjQw,Curiosidades al descubierto,ciencia y tecnología|ingeniería explicada|funcionamiento de máquinas|motores internos|tecnología desde dentro|robots explicados|cómo funciona un ordenador|sistemas electrónicos|inteligencia artificial|blockchain explicado|energía solar|energía nuclear|curiosidades|datos curiosos|ciencia|tecnologia|fisica|crypto|blockchain,28,PT1M10S,70,1471,0,hd,es-419,0
WJmULGBOHNg,Los estímulos que DESGASTAN tu Dopamina!  #curiosidades #dopamine #ciencia #science #dopamina #viral,"Descubre como se desgasta la dopamina con tantos estímulos 

Haz click en el video relacionado para verlo completo! ⬆️

#shorts #curiosidades #datoscuriosos #ciencia #facts #science #sciencefact #sciencingfacts #sciencefacts #datos #tecnología #tecnologia #explore #fyp #clips #shorts #short #youtube #foryou #parati #español #latino",2025-11-25T15:00:58Z,UChOuQTrD9XSv9vNgJh8MjQw,Curiosidades al descubierto,,28,PT23S,23,1285,0,hd,es-419,0
1tmzISgtB-4,Así MANEJA el TIEMPO tu cerebro #curiosidades #datoscuriosos #fy #clips #ciencia #shortsviral #fyp,"¿Alguna vez sentiste que un día completo se te fue en un parpadeo… pero otros minutos parecen eternos? 

No es magia: es tu cerebro jugando con tu percepción del tiempo. 

En este video descubrirás el secreto detrás de por qué a veces el tiempo se acelera y otras se detiene por completo. 
Te explico, de forma visual y sencilla, cómo tus emociones, tus recuerdos y tu estado mental cambian la manera en que vives cada segundo. 

Prepárate para entender tu mente como nunca antes. ⏳🧠

👉 Suscríbete y activa la campana 🔔 para no perderte ningún video.  
Tu curiosidad es el motor de este canal. Hazlo aqui:
https://youtube.com/@Curiosidadesaldescubierto?sub_confirmation=1

#curiosidades #cerebro #brain #explicativo #explanation #tiempo #time #timemanagement #ciencia #science #clipsvideo #clips #short #shortsviral #explore #tecnologia #travel #manejodeltiempo #dopamina #sciencefacts #facts #parati #español",2025-11-24T23:00:02Z,UChOuQTrD9XSv9vNgJh8MjQw,Curiosidades al descubierto,ciencia y tecnología|curiosidades|datos curiosos|ciencia|tecnologia,28,PT59S,59,441,0,hd,es-419,0
3-nHudX_IVU,Tu DOPAMINA se desploma por ESTA razón (y es impactante) #curiosidades #ciencia #datoscuriosos #fyp,"Descubre cuales son las causas de que pierdas dopamina en ti

Haz click en el video relacionado para verlo completo

#curiosidades #ciencia #tecnología #dopamina #dopamine #serotonin #endorphins #science #tecnologia #tech #datoscuriosos #sabiasque #sabíasque #clips #youtubeshorts #youtube #clips #clipsvideo #viral #explore #fyp",2025-11-24T14:00:08Z,UChOuQTrD9XSv9vNgJh8MjQw,Curiosidades al descubierto,,28,PT1M,60,332,0,hd,es-419,0
vLnxTaVvAfM,La VERDADERA Mecánica de la Satisfacción #curiosidades #datoscuriosos #ciencia #science #clips,"Descubre la verdadera forma en que la satisfacción funciona en tu cerebro!

Haz click en el video relacionado para verlo completo⬇️

#curiosidades #datoscuriosos #tecnología #ciencia #cienciadelamente #dopamina #dopamine #medicine #health #salud #cerebro #saludmental #cabeza #brain #facts #serotonine #serotoninboost #serotonin #clips #shortvideo",2025-11-23T18:00:59Z,UChOuQTrD9XSv9vNgJh8MjQw,Curiosidades al descubierto,,28,PT58S,58,1083,0,hd,es-419,0
JX5F0WVdFPo,La MOLÉCULA que CONTROLA tu VIDA (y nunca lo notas)   #curiosidades #ciencia #dopamina #dopamine,"Descubre que es la dopamina y como funciona!

Haz click en el video relacionado para verlo completo⬇️

#shorts #clips #curiosidades #datoscuriosos #psicologia #psychology #ciencia #cienciadelamente #mente #mind #dopamina #dopamine #shortsviral #dopaminedetox #sciencefacts #science #scienceshorts #shortsviral",2025-11-22T20:00:15Z,UChOuQTrD9XSv9vNgJh8MjQw,Curiosidades al descubierto,,28,PT1M,60,348,0,hd,es-419,0
mvpbxngWPUg,Dopamina: ¿Qué es y cómo funciona?,"En este video te explico de forma sencilla y humana qué es realmente la dopamina y cómo funciona dentro de tu cerebro y tu cuerpo. 

Descubrirás por qué se le conoce como el “mensajero del placer”, cómo influye en tu motivación, tus emociones, tus hábitos y hasta en tus decisiones del día a día.

También hablaremos de mitos, datos científicos y de cómo mantener un equilibrio saludable en tus niveles de dopamina para sentirte mejor, rendir más y entender lo que sucede en tu mente.

Si quieres comprender tu cerebro sin complicaciones, este video es para ti.

¡No olvides dejar tu like y suscribirte para más contenido de ciencia y bienestar!

👉 Suscríbete y activa la campana 🔔 para no perderte ningún video.  
Tu curiosidad es el motor de este canal. Hazlo aqui:
https://youtube.com/@Curiosidadesaldescubierto?sub_confirmation=1

#dopamina #dopamine #ciencia #curiosidades #datoscuriosos #sciencefacts #sabiasque #sciencefacts #tecnología #technology #tech #explore #cerebro #brain #lab #scienceexperiment #cienciadelamente #mente #mind",2025-11-22T18:00:06Z,UChOuQTrD9XSv9vNgJh8MjQw,Curiosidades al descubierto,ciencia y tecnología|ingeniería explicada|funcionamiento de máquinas|motores internos|tecnología desde dentro|robots explicados|cómo funciona un ordenador|sistemas electrónicos|inteligencia artificial|blockchain explicado|energía solar|energía nuclear|curiosidades|datos curiosos|ciencia|tecnologia|fisica|crypto|blockchain,28,PT11M33S,693,73,0,hd,es-419,0
5RESXi1aMfA,La VERDAD OCULTA de las EMOCIONES en tus sueños! #curiosidades #sueños #psicologia #shortvideo,"¿Alguna vez te has preguntado por qué sueñas cosas tan intensas, tan raras o tan reales? 🧠💭
Lo que muchos no saben es que tus emociones son las que mandan cuando duermes. Cada miedo, cada estrés, cada alegría y cada recuerdo emocional se transforma en imágenes dentro de tus sueños, aunque no te des cuenta.

En este video te explico cómo tus sentimientos influyen directamente en lo que sueñas y por qué algunas noches tu mente parece una película completa. 🌙✨
Prepárate para descubrir la verdad oculta que tu cerebro te ha estado mostrando mientras duermes.

Haz click en el video relacionado para verlo completo!

#curiosidades #sueños #clips #ciencia #science #shortsfeed #psicologia #psicología #psychology #mente #dormir #clipstudio #shortvideo #shortsviral #short #youtubeshorts #youtube #sciencefacts #hechos #sabiasque #datoscuriosos #datosinteresantes #datos #data",2025-11-17T13:30:09Z,UChOuQTrD9XSv9vNgJh8MjQw,Curiosidades al descubierto,,28,PT1M1S,61,108,0,hd,es-419,0
hap7R20gRUM,Lo que NADIE te dijo sobre la LÓGICA de los SUEÑOS    #curiosidades #datoscuriosos #ciencia #sueños,"Haz visto algún tipo de lógica cuando soñamos?

Haz click en el video relacionado para ver el video completo!⬆️

#curiosidades #datoscuriosos #sabiasque #sabíasque #clips #sueños #dream #dreams #neurociencia  #neuroscience #neurology #mentalhealth #mente #mind #explore #explorepage #vision #visions #tech #clip #shortsfeed #shortvideo #youtubeshorts",2025-11-12T05:00:59Z,UChOuQTrD9XSv9vNgJh8MjQw,Curiosidades al descubierto,,28,PT55S,55,2045,0,hd,es-419,0
1OPlSLQ_tdY,¿El SECRETO Detrás del MENSAJE MÍSTICO?   #curiosidades #ciencia #historia #brain #psicologia #fypp,"Los sueños son mensajes ocultos o místicos enviados del subconsciente?

Haz click en el video relacionado para ver el video completo

#curiosidades #science #ciencia #tecnologia #technology #clips #shorts #shortsfeed #neuroscience #neurociencia #facts #explore #exploremore #parati #foryou #explorepage #sciencefacts #shortvideo #shortsviral #short #clipvideo #viralshort #viralvideo",2025-11-11T15:30:01Z,UChOuQTrD9XSv9vNgJh8MjQw,Curiosidades al descubierto,,28,PT1M,60,282,0,hd,es-419,0
jO9K_IW5ex8,¿Cómo ve tu CEREBRO los SUEÑOS?  #curiosidades #sueños #dream #consciousness #ciencia #facts #fy,"Descubre como ve tu cerebro los sueños desde el subconsciente 

Haz click en el video relacionado para verlo completo!

#curiosidades #datoscuriosos #ciencia #tecnologia #neuroscience #neurology #neurologia #cerebro #sueños #dream #science #cienciafácil #facts #factshorts #feedshorts #feed #explore #health #mente #mindset #mind #recuerdos #reels #shortsfeed #shortsviral #clips",2025-11-10T01:00:58Z,UChOuQTrD9XSv9vNgJh8MjQw,Curiosidades al descubierto,,28,PT51S,51,315,0,hd,es-419
QZDsat-E5gY,La ciencia de los sueños: ¿Qué intentan decirte y cómo los recuerda el cerebro?,"¿Alguna vez te has despertado recordando un sueño tan real que te dejó pensando todo el día? 😴 En este video exploramos la ciencia detrás de los sueños: por qué ocurren, qué papel juega tu cerebro mientras duermes y, sobre todo, qué intentan decirte realmente.

Descubre cómo tus sueños pueden ser una ventana a tu subconsciente, cómo el cerebro mezcla recuerdos, emociones y experiencias pasadas para crear mundos tan vívidos, y por qué a veces recordamos algunos sueños con tanta claridad… mientras otros desaparecen en segundos.

También te contaré lo que dicen los científicos sobre la relación entre los sueños y los traumas, la memoria emocional y cómo nuestro cerebro utiliza estas experiencias nocturnas para procesar lo que no logramos entender despiertos.

Prepárate para entender qué pasa dentro de tu mente mientras duermes y cómo los sueños podrían estar intentando comunicarse contigo de maneras que ni imaginas. 🌙🧠

👉 Suscríbete y activa la campana 🔔 para no perderte ningún video.  
Tu curiosidad es el motor de este canal. Hazlo aqui:
https://youtube.com/@Curiosidadesaldescubierto?sub_confirmation=1

#sueños #ciencia #curiosidades #science #facts #datoscuriosos #sciencefacts #psicologia #psychology #salud #health #significado #sabiasque #fy #fyp",2025-11-10T00:00:06Z,UChOuQTrD9XSv9vNgJh8MjQw,Curiosidades al descubierto,ciencia y tecnología|ingeniería explicada|funcionamiento de máquinas|motores internos|tecnología desde dentro|robots explicados|cómo funciona un ordenador|sistemas electrónicos|inteligencia artificial|blockchain explicado|energía solar|energía nuclear|curiosidades|datos curiosos|ciencia|tecnologia|fisica|crypto|blockchain,28,PT5M26S,326,24,0,hd,es-419
1X6GjZqNR1U,El poder oculto del CARBONO-14: el detective del tiempo    #curiosidades #ciencia #carbono #feed,"Descubre para que se usa el Carbono-14 en las diferentes ramas de la ciencia

Haz click en el video relacionado para ver la radiactividad por completo ➡️

#curiosidades #ciencia #nuclear #nuclearpower #carbon #carbono #science #facts #parati #mexico #fy #feedshorts #clip #clips #shortsfeed #shortsviral #tecnologia #technology #tech #tecnología #technews",2025-11-03T14:00:03Z,UChOuQTrD9XSv9vNgJh8MjQw,Curiosidades al descubierto,,28,PT52S,52,717,0,hd,es-419
WLT9UzzIZIw,Esto pasa cuando un NEUTRÓN se descontrola…         #curiosidades #ciencia #neutron #química #fypp,"Esto pasa cuando los neutrones aparecen

Haz click en el video completo para ver la magia de la radiación 

#curiosidades #ciencia #neutron #nuclear #facts #factshorts #shortvideo #shortsviral #explore #shortsfeed #shorts #clipstudio #clips #datoscuriosos #sabiasque #energy #energia #fuerza #radiacion #fallout #tecnologia #technology #technicalanalysis",2025-11-01T23:00:38Z,UChOuQTrD9XSv9vNgJh8MjQw,Curiosidades al descubierto,,28,PT59S,59,555,0,hd,es-419
Df8A_awCOHI,¿Que es la RADIACIÓN BETA?        #curiosidades #datoscuriosos #ciencia #science #nuclear #fy,"Descubre la radiación beta 

Haz click en el video relacionado para verlo completo

#radiacion #curiosidades #ciencia #quimica #química #nuclear #radiación #fallout #science #sciencefacts #beta #alpha #gamma #fy #explore #tecnologia #technology #tecnología #tech",2025-11-01T18:30:30Z,UChOuQTrD9XSv9vNgJh8MjQw,Curiosidades al descubierto,,28,PT43S,43,646,0,hd,es-419
PhFr_ZHpADI,¿Cómo la MÚSICA involucra la MEMORIA? #curiosidades #musica #music #datoscuriosos #tecnologia #fy,"Descubre como la música involucra la parte de tu cerebro que usa la memoria

Haz click en el video relacionado para verlo completo

#curiosidades #science #musica #music #musicproducer #ciencia #cienciafácil #clips #clip #shortvideo #explore #datoscurisos #datoscuriosos #sciencefacts #facts #explorepage #shorts #short #video #tecnologia #technology #tech #feedshorts",2025-10-29T22:30:13Z,UChOuQTrD9XSv9vNgJh8MjQw,Curiosidades al descubierto,,28,PT55S,55,774,0,hd,es-419
oNHxrgi75d0,¿Como percibe la MÚSICA el CEREBRO?     #curiosidades #ciencia #musica #tecnologia #music #musica,"Descubre como tu cerebro percibe la musica

Haz click en el video relacionado para ver el video completo 

#curiosidades #datoscurisos #datoscuriosos #ciencia #science #music #musica #música #cerebro #mente #clips #explore #musicproducer #brain #cerebro #mind #health #salud #explorepage #clip #clips #shorts #shortsfeed #shortsviral",2025-10-29T00:03:04Z,UChOuQTrD9XSv9vNgJh8MjQw,Curiosidades al descubierto,,28,PT1M,60,441,0,hd,es-419
jv6iSRK-B1I,¿Cómo funciona el cerebro al escuchar música? | Ciencia Explicada,"La música tiene el poder de cambiar nuestro estado de ánimo, activar recuerdos y hacernos sentir emociones intensas… pero ¿qué ocurre realmente dentro de tu cerebro cuando escuchas una canción? 🎧🧠

En este video exploramos cómo la música activa distintas áreas cerebrales, desde las encargadas del placer y la emoción hasta las que procesan el ritmo y el lenguaje. Verás cómo tu cerebro sincroniza impulsos eléctricos con los sonidos, cómo interpreta la melodía y por qué algunos acordes pueden hacerte llorar o sentir euforia.

Si alguna vez te has preguntado por qué una simple canción puede afectar tanto tus pensamientos y emociones, este video te revelará la ciencia detrás del poder de la música.


👉 Suscríbete y activa la campana 🔔 para no perderte ningún video.  
Tu curiosidad es el motor de este canal. 

Hazlo aqui:
https://youtube.com/@Curiosidadesaldescubierto?sub_confirmation=1

#ciencia  #neurociencia  #music #musica  #cerebro  #psicologia  #tecnologia #curiosidades #science #explore #sciencefacts #facts #parati #brain #cerebro #mind #pensamientos #fy #tecnologia #technology #tech #technologynews #musicproducer #video #feed",2025-10-28T18:00:06Z,UChOuQTrD9XSv9vNgJh8MjQw,Curiosidades al descubierto,ciencia y tecnología|ingeniería explicada|funcionamiento de máquinas|motores internos|tecnología desde dentro|robots explicados|cómo funciona un ordenador|sistemas electrónicos|inteligencia artificial|blockchain explicado|energía solar|energía nuclear|curiosidades|datos curiosos|ciencia|tecnologia|fisica|crypto|blockchain,28,PT9M50S,590,51,2,hd,es-419
xJ2ugGWh3uk,¿Cómo funciona la fluorescencia? #curiosidades #ciencia #química #datoscuriosos #tecnologia #tech,"¿Alguna vez te has preguntado por qué algunas cosas brillan con luz propia al apagar las luces? 💡✨ En este short te explicamos de forma sencilla cómo funciona la fluorescencia, qué compuestos la provocan y por qué ocurre ese brillo tan hipnótico que parece magia, pero es pura ciencia. 🌈🔬

#curiosidades #datoscurisos #datoscuriosos #technology #tecnologia #tecnología #fluorescence #fluorescent #chemistry #chemical #quimica #science #sciencefacts #explore #explorepage #parati #clips #shortsfeed #shortvideo #facts #sciencefacts #scienceshorts #feedshorts",2025-10-28T03:25:09Z,UChOuQTrD9XSv9vNgJh8MjQw,Curiosidades al descubierto,ciencia y tecnología|ingeniería explicada|funcionamiento de máquinas|motores internos|tecnología desde dentro|robots explicados|cómo funciona un ordenador|sistemas electrónicos|inteligencia artificial|blockchain explicado|energía solar|energía nuclear|curiosidades|datos curiosos|ciencia|tecnologia|fisica|crypto|blockchain,28,PT1M4S,64,1085,0,hd,es-419
MQS4Pw1cC8o,¿Que son los ISOTOPOS?   #curiosidades #ciencia #nuclear #química #neutron #science #fy #shorts,"Descubre la forma en la que es formado un isotopo 
Haz click en el video relacionado para ver que es la radiactividad y como funciona!

#curiosidades #datoscurisos #datoscuriosos #ciencia #nuclear #science #cienciafácil #tecnologia #technology #sciencefacts #fallout #isotopes #química #chemistry #quimica #explore #explorepage #exploremore #ciência #sabiasque",2025-10-27T14:00:41Z,UChOuQTrD9XSv9vNgJh8MjQw,Curiosidades al descubierto,,28,PT54S,54,1184,0,hd,es-419
bwMj6SEjg1g,¿Que tan SEGURO es un Cajero? #curiosidades #datoscuriosos #dinero #bank #atm #tecnologia #fy #fypp,"Descubre cómo funciona desde dentro un cajero automático y como es su seguridad con el poderoso dinero

Haz click en el video relacionado para verlo completo!

#curiosidades #datoscuriosos #tecnologia #technology #tech #dinero #banco #bank #money #finanzas #seguridad #safety #ciencia #technews #explore #explorepage #fy #clips",2025-10-27T02:00:37Z,UChOuQTrD9XSv9vNgJh8MjQw,Curiosidades al descubierto,,28,PT1M1S,61,589,0,hd,es-419
FBK0UOzSuew,¿Cómo funciona un CAJERO ATM?   #curiosidades #tecnologia #money #atm #bank #finanzas,"Descubre en el video completo el funcionamiento total de un cajero ATM

Haz click en el video relacionado para verlo!

#curiosidades #datoscuriosos #datoscurisos #technology #tecnologia #bank #banco #money #dinero #finanzas #finance #clips #shortsviral #shortsfeed #facts #tech #science #explore #parati #paratii #fy #viralshort #clip #shortsviral #shortvideo",2025-10-26T20:00:11Z,UChOuQTrD9XSv9vNgJh8MjQw,Curiosidades al descubierto,,28,PT59S,59,998,0,hd,es-419
ZQCMHhUVqIM,¿Cómo Funciona un Cajero Automático?,"¿Alguna vez te has preguntado qué ocurre dentro de un cajero automático cuando retiras dinero? 🤔💳 En este video descubrirás el funcionamiento interno de los cajeros automáticos: desde cómo procesan tu tarjeta y tu PIN, hasta el sistema mecánico que entrega el efectivo. Perfecto para quienes aman la tecnología, las curiosidades y el aprendizaje práctico. 🔔 Suscríbete para más videos de curiosidades tecnológicas.

👉 Suscríbete y activa la campana 🔔 para no perderte ningún video.  
Tu curiosidad es el motor de este canal. 

Hazlo aqui:
https://youtube.com/@Curiosidadesaldescubierto?sub_confirmation=1

#atm #money #dinero #curiosidades #tecnologia #technology #tech #parati #fy #explore #feed #datoscuriosos",2025-10-26T16:00:06Z,UChOuQTrD9XSv9vNgJh8MjQw,Curiosidades al descubierto,ciencia y tecnología|ingeniería explicada|funcionamiento de máquinas|motores internos|tecnología desde dentro|robots explicados|cómo funciona un ordenador|sistemas electrónicos|inteligencia artificial|blockchain explicado|energía solar|energía nuclear|curiosidades|datos curiosos|ciencia|tecnologia|fisica|crypto|blockchain,28,PT3M45S,225,1154,4,hd,es-419
rUXy_7BHkHI,¿Que es la radiación GAMMA?               #curiosidades #nuclear #technology #tecnologia #fy #clips,"Descubre aqui en el video completo relacionado cual es la radiación y cómo funciona!

#curiosidades #datoscurisos #nuclear #fallout #radiation #química #quimica #science #ciencia #fy #tecnologia #tecnología #technology #tech #nuclearwar #nuclearleak #explore #explorepage #fy",2025-10-26T14:01:31Z,UChOuQTrD9XSv9vNgJh8MjQw,Curiosidades al descubierto,,28,PT55S,55,1428,2,hd,es-419
2zMIGmx4PGs,Un descubrimiento ¿RADIACTIVO? #curiosidades #ciencia #química #chemistry,"¿Sabías que el descubrimiento de la radiactividad fue completamente accidental? 💥 Lo que empezó como un simple experimento con minerales cambió la historia de la ciencia, revelando un poder invisible capaz de transformar la materia y hasta la vida misma. 🔬☢️ 


#ciencia  #tecnologia  #nuclear #science #fallout #gamma #beta #alpha #shortscientíficos #clips #shortvideo #shortsfeed #shorts #clip #datoscuriosos #curiosidades #technology #tech #explore #explorepage #fy #viralshort #viralvideo #parati #mariecurie #fallout #radio",2025-10-25T22:00:02Z,UChOuQTrD9XSv9vNgJh8MjQw,Curiosidades al descubierto,,28,PT1M,60,1040,0,hd,es-419
vWkJq3awTV4,¿Qué es la radiactividad y cómo funciona? | Ciencia fácil,"¿Te has preguntado qué es realmente la radiactividad? En este video de Ciencia Fácil te explicamos de forma sencilla y visual cómo funciona este fenómeno natural que ocurre dentro de los átomos. Descubre: Qué significa que un material sea radiactivo Cómo y por qué ocurre la radiactividad Los tipos de radiación (alfa, beta y gamma) Dónde se encuentra en la vida real Y si realmente es tan peligrosa como parece 📚 Ideal para estudiantes, curiosos y amantes de la ciencia. Dale play y entiende la radiactividad ¡sin complicaciones!

👉 Suscríbete y activa la campana 🔔 para no perderte ningún video.  
Tu curiosidad es el motor de este canal. Hazlo aqui:
https://youtube.com/@Curiosidadesaldescubierto?sub_confirmation=1

#curiosidades #ciencia #science #química #chemistry #technology #tech #parati #nuclear",2025-10-25T16:00:06Z,UChOuQTrD9XSv9vNgJh8MjQw,Curiosidades al descubierto,ciencia y tecnología|ingeniería explicada|funcionamiento de máquinas|motores internos|tecnología desde dentro|robots explicados|cómo funciona un ordenador|sistemas electrónicos|inteligencia artificial|blockchain explicado|energía solar|energía nuclear|curiosidades|datos curiosos|ciencia|tecnologia|fisica|crypto|blockchain,28,PT9M26S,566,1968,4,hd,es-419
iA2Bm-ZnyFo,¿Tu memoria miente?,"Tu cerebro puede inventar recuerdos... y hacerte creer que son reales. 🧠💭 En este short te explicamos cómo funciona este extraño fenómeno y por qué tu mente puede engañarte sin que lo notes.

#ciencia  #psicologia  #cerebro  #memoria #curiosidades #datoscurisos #science #mente #mindset #mindfulness #mind #neuroscience #sciencefacts #facts #hechos #hechosimpactantes #exploration #explore #fy #fypp #clips #parati",2025-10-25T03:01:03Z,UChOuQTrD9XSv9vNgJh8MjQw,Curiosidades al descubierto,ciencia y tecnología|ingeniería explicada|funcionamiento de máquinas|motores internos|tecnología desde dentro|robots explicados|cómo funciona un ordenador|sistemas electrónicos|inteligencia artificial|blockchain explicado|energía solar|energía nuclear|curiosidades|datos curiosos|ciencia|tecnologia|fisica|crypto|blockchain,28,PT45S,45,625,0,hd,es-419
_TUnMWOGhPQ,¿Cómo funciona BITCOIN?,"Bitcoin: La RED Moderna que REEMPLAZA el sistema bancario 

¿Y si te dijera que existe una red capaz de funcionar sin bancos, sin intermediarios y sin fronteras? 💸 En este video descubrirás cómo Bitcoin no solo es una moneda digital… sino una revolución tecnológica que está cambiando por completo la forma en la que entendemos el dinero

👉 Suscríbete y activa la campana 🔔 para no perderte ningún video.  
Tu curiosidad es el motor de este canal. Hazlo aqui:
https://youtube.com/@Curiosidadesaldescubierto?sub_confirmation=1

#curiosidades #tecnologia #technology #tecnología #datoscuriosos #datos #datosinteresantes #science #blockchain #crypto #cryptonews #cryptocurrency #cryptotrading #cryptocurrencies #blockchaintechnology #cryptoworld #finanzas #finance #money #dollar #ethereum #doge #worldcoins #blockchaintechnology",2025-10-18T23:00:27Z,UChOuQTrD9XSv9vNgJh8MjQw,Curiosidades al descubierto,ciencia y tecnología|ingeniería explicada|funcionamiento de máquinas|motores internos|tecnología desde dentro|robots explicados|cómo funciona un ordenador|sistemas electrónicos|inteligencia artificial|blockchain explicado|energía solar|energía nuclear|curiosidades|datos curiosos|ciencia|tecnologia|fisica|crypto|blockchain,28,PT55S,55,724,0,hd,es-419
ecXi9uSv7P4,Lo que NO TE DICEN del BLUETOOTH! #curiosidades #tecnologia #tech #bluetooth #fy,"¿Cuál es el verdadero secreto del Bluetooth? Descubre cómo esta tecnología conecta tus dispositivos sin cables, usando ondas invisibles que viajan por el aire miles de veces por segundo. ⚙️📡

#curiosidades #tecnologia #tecnología #tech #bluetooth #smartphone #mobile #google #samsung #fy #fyp #explore #explorepage #viral #viralshort #viralvideo #clips #ideas #shortsviral",2025-10-16T23:00:51Z,UChOuQTrD9XSv9vNgJh8MjQw,Curiosidades al descubierto,,28,PT48S,48,462,0,hd,es-419
EraAi1t2pJA,¿Cómo funciona la IA? #curiosidades #ai #ia #tecnologia #technology #artificialintelligence #fy,"🤖 ¿Cómo funciona una IA realmente? Descubre cómo las máquinas aprenden, reconocen patrones y crean resultados sin “pensar” como nosotros. 🧠 La inteligencia artificial no razona… procesa información a una velocidad inhumana. ⚙️

#datoscurisos #curiosidades #tecnologia #technology #ai #ia #crypto #robot #explore #inteligenciaartificial #artificialintelligence #artificial #inteligencia #computer #pc #science #matemática #maths #programming #programacion",2025-10-16T14:30:20Z,UChOuQTrD9XSv9vNgJh8MjQw,Curiosidades al descubierto,,28,PT1M,60,1045,0,hd,es-419
S5J1ifj1USY,¿Cómo las vacunas engañan a tu cuerpo? #curiosidades #vacuna #ciencia #medicina #health #salud #fy,"Descubre cómo tu cuerpo aprende a defenderse sin enfermarse, gracias a una de las tecnologías médicas más importantes de la historia.
Así es como tu sistema inmunológico se entrena para ganar la batalla antes de que empiece. 

#datoscurisos #curiosidades #fy #explore #science #ciencia #medicine #medicina #vaccine #vacuna #covid19 #covid #medico #sciencefacts #facts #shortvideo #shortsviral #shortsfeed #short #shortsvideos #clips #explore #explorepage",2025-10-15T22:00:37Z,UChOuQTrD9XSv9vNgJh8MjQw,Curiosidades al descubierto,,28,PT1M2S,62,561,0,hd,es-419
jC1Ovgu0S7o,¿Así se RECICLA el AGUA? #curiosidades #datoscuriosos #reciclaje #recycle #agua #water #industrial,"¿Alguna vez te has preguntado qué pasa con el agua después de que la usamos en casa? 🚿💧 En este video descubrirás el sorprendente recorrido que sigue el agua desde el desagüe hasta las plantas de tratamiento, donde es filtrada, limpiada y devuelta al medio ambiente. 🌎 Aprende cómo la tecnología y la ciencia logran transformar el agua sucia en un recurso reutilizable. ¡Prepárate para ver el increíble ciclo oculto del agua que usamos todos los días!

#datoscurisos #curiosidades #curiosidadesdomundo #agua #water #reciclaje #reciclar #fy #recycle #reels #viral #foryou #fy #natural #naturaleza #explore #explorepage #exploremore #reels #shortvideo #shortsviral #shorts #industrial #industry #mecanica #mechanic #science #cienciafácil #tecnología #technology #tech",2025-10-14T14:01:19Z,UChOuQTrD9XSv9vNgJh8MjQw,Curiosidades al descubierto,,28,PT1M6S,66,929,0,hd,es-419
6yXMSJe0Mng,¿TECNOLOGIA SECRETA en los robots delivery? #curiosidades #tecnologia #technology #robot #ai #ia #fy,"Descubre la tecnología en los nuevos robots de delivery en el video adjunto, haz click en el!

#curiosidades #datoscuriosos #ciencia #tecnologia #technology #tech #tecnología #science #2025 #robot #robots #ia #ai #usa #miami #explore #curiosidadesdomundo #explorepage #food #repartidor #ruedas #future #futuro #nuevaera #fy #science #datoscurisos #curiosidadesdomundo #robots #robotstory #robotsvshumans",2025-10-11T21:30:01Z,UChOuQTrD9XSv9vNgJh8MjQw,Curiosidades al descubierto,,28,PT59S,59,299,0,hd,es-419
Eti5Z_TpBtk,¿Cómo funciona un Robot de Delivery? | Tecnología Explicada,"Los delivery robots ya recorren calles y campus universitarios entregando comida, paquetes y compras sin intervención humana. Pero… ¿cómo funcionan realmente? 🤖 En este video te explicamos en detalle cómo un robot de reparto logra moverse, detectar obstáculos, reconocer semáforos, comunicarse con el entorno y llegar hasta tu puerta con total precisión.

Verás cómo la inteligencia artificial, los sensores, las cámaras y los sistemas de navegación GPS trabajan juntos para hacer posible algo que parece sacado del futuro. 🚀

💡 En este video descubrirás:

Cómo un robot entiende el entorno con sensores y cámaras.

Qué papel tiene el software ROS, el “cerebro” que conecta todo.

Cómo planifica rutas y evita personas o autos.

Qué tecnologías permiten su autonomía y seguridad.

videos de freepik.com 

Si te apasiona la tecnología, la robótica y la inteligencia artificial, este video es para ti.

#curiosidades #technology #tecnologia  #comida #futuro #ciencia #science #cienciafácil #tecnologiafuturista #futuristic #2025 #datoscuriosos #datosinteresantes #sabiasque #explore #facts #food #fastfood #envío #tecnología #explorepage #exploremore #parati #fy #fypp #fyp #sciencefacts #google #ai #ias #ia",2025-10-11T03:00:06Z,UChOuQTrD9XSv9vNgJh8MjQw,Curiosidades al descubierto,,28,PT9M29S,569,18,2,hd,es-419
37v3p5SlL5c,Blockchain: ¿te imaginas el mundo sin él? #crypto #cryptocurrency #curiosidades #tecnologia #viral,"¿Te imaginas un mundo sin blockchain? 💥 Sin esta tecnología, las criptomonedas colapsarían, los registros digitales desaparecerían y la confianza en la economía digital se vendría abajo. Descubre qué tan dependientes somos del sistema que sostiene gran parte del internet moderno. ⛓️💻

#technology #crypto #cryptonews #2025 #curiosidades #datoscuriosos #tecnologia #technology #tech #cryptotrading #finanzas #finance #facts #explore #explorepage #fy #fypp #internet #web #data #datos #sitioweb #economia #economy",2025-10-10T23:47:57Z,UChOuQTrD9XSv9vNgJh8MjQw,Curiosidades al descubierto,,28,PT1M1S,61,1137,0,hd,es-419
_PRnfZtteMQ,¿Qué pasaría si el petróleo perdiera su valor? #curiosidades #petróleo #oil #gasolina #fy #economia,"¿Te imaginas un mundo donde el petróleo no valga nada? 🌍💥 La economía colapsaría, las potencias petroleras se desplomarían y los autos eléctricos dominarían el planeta. En este vídeo te explicamos qué pasaría si el petróleo perdiera todo su valor y cómo cambiaría el futuro de la energía, el transporte y el dinero. ⚡🚗

#curiosidades #datoscuriosos #datoscuriososdelmundo #economy #economia #petróleo #petroleumindustry #industrial #industria #explore #fy #facts #factshorts #factvideo #technology #tecnologia #gasstation #gas #gasolina #gasoline #economiamundial",2025-10-09T14:00:52Z,UChOuQTrD9XSv9vNgJh8MjQw,Curiosidades al descubierto,,28,PT57S,57,757,11,hd,es-419
nBtZO1F7gKo,El fin del dinero físico: ¿Estamos listos? #curiosidades #datoscurisos #dinero #economy #finanzas,"¿Qué pasaría si de repente desaparecieran todas las monedas y billetes del mundo? Descubre cómo un mundo sin dinero físico cambiaría la forma en que compramos, ahorramos y nos relacionamos con la economía. Desde transacciones 100% digitales hasta la pérdida de privacidad y los riesgos de ciberataques, exploramos lo que nadie te cuenta sobre un futuro totalmente digital.

#curiosidades #datoscuriosos #dinero #economia #economy #facts #money #bancos #billetes #billionaire #millionaire #millonarios #explore #finance #finanzas #finanzaspersonales #finanza #finance #financialfreedom #fy #fyp #explore #viral #viralshort #viralvideo #viralreels #youtubeshorts",2025-10-09T05:00:50Z,UChOuQTrD9XSv9vNgJh8MjQw,Curiosidades al descubierto,,28,PT1M4S,64,944,0,hd,es-419
6LuVosxetqQ,¿Podríamos vivir sin aire? #curiosidades #ciencia #science #cienciafácil #sciencefacts #fy #salud,"¿Qué pasaría si el aire limpio de la Tierra desapareciera? 😱 Descubre cómo caerían los niveles de oxígeno, cómo los humanos y los animales lucharían por respirar, y qué tecnologías podrían intentar salvarnos. Un vistazo aterrador pero fascinante a un futuro que nadie quiere vivir.

#curiosidades #datoscurisos #explore #science #sciencefacts #scienceexperiment #ciencia #cienciafácil #aire #air #oxigeno #oxygen #health #salud #healthy #fy #facts #factshorts #factvideo #fact #tecnologia #tecnologiafuturista #informacion #information #curioso #sabiasque #sabíasque #health",2025-10-08T15:00:10Z,UChOuQTrD9XSv9vNgJh8MjQw,Curiosidades al descubierto,,28,PT49S,49,1236,0,hd,es-419
xOMQWYj0aEE,¿Podríamos sobrevivir sin dormir?    #curiosidades #science #cienciadelamente #sueños #insomnia,"Dormir parece una pérdida de tiempo, pero es una necesidad vital. En este video descubrirás qué le pasaría realmente a tu cuerpo y a tu cerebro si nunca volvieras a dormir. Desde la pérdida de memoria y las alucinaciones hasta el colapso total del organismo, la ciencia explica por qué el sueño no solo nos descansa… sino que literalmente nos mantiene con vida. 🧠💤

#curiosidades #explore #datoscurisos #datoscuriosos #datoscuriososdelmundo #sueños #sueño #sueñoprofundo #ciencia #science #cienciafácil #cienciadelamente #inconscient #noche #sciencefacts #facts #factvideo #factshorts #clips #viral #fypp #fy #parati #mexico #usa",2025-10-07T21:01:06Z,UChOuQTrD9XSv9vNgJh8MjQw,Curiosidades al descubierto,,28,PT1M1S,61,728,0,hd,es-419
ckcL0XeHnQU,¿Qué pasaría si nos clonáramos? #curiosidades #clones #ciencia #science #tecnologia #parati #fy #fy,"¿Te imaginas tener una copia exacta de ti mismo? La clonación humana podría hacerlo posible, pero no sería tan simple. Aunque el clon tendría tu mismo ADN, no compartiría tus recuerdos ni tu personalidad. Además, los riesgos biológicos y éticos son enormes: fallos genéticos, envejecimiento acelerado y dilemas sobre identidad y derechos humanos. Por eso, aunque la ciencia puede acercarse a lograrlo, clonar humanos sigue siendo una línea que el mundo aún no se atreve a cruzar. 🧬

#curiosidades #datoscurisos #explore #facts #science #clones #dobles #science #ciencia #sciencefacts #technology #tech #technologies #datoscuriosos #explore #explora #viral #viralshort #clips #viralvideo #shorts #shortvideo",2025-10-07T14:30:33Z,UChOuQTrD9XSv9vNgJh8MjQw,Curiosidades al descubierto,,28,PT1M,60,860,0,hd,es-419
xvwmU1VbQws,¿Agua VS Tierra? Hidroponía #curiosidades #cultivo #plantas #biologia #hidroponía #hydroponics #fy,"Entra en el video relacionado para ver la magia de la hidroponía 

#curiosidades #ciencia #biology #biologia #explore #tecnologia #tecnología #technology #tech #agua #water #science #sciencefacts #hydroponics #plants #plantas #tierra #earth #fy #explorepage #parati #paratii #datoscuriosos #facts",2025-10-06T01:01:07Z,UChOuQTrD9XSv9vNgJh8MjQw,Curiosidades al descubierto,,28,PT57S,57,808,0,hd,es-419
H1JfuxPWWwc,¿Conoces la Hidroponía? #curiosidades #datoscurisos #ciencia #plantas #hidroponía #cultivation #fy,,2025-10-05T20:00:11Z,UChOuQTrD9XSv9vNgJh8MjQw,Curiosidades al descubierto,,28,PT52S,52,859,0,hd,es-419
zyUkzR_Srxo,¿Cómo funciona la hidroponía? La ciencia detrás del cultivo más eficiente del mundo,"🌱 ¿Sabías que las plantas no necesitan tierra para crecer?
En este vídeo descubrirás cómo funciona la hidroponía, un método de cultivo que permite que las plantas crezcan solo con agua, nutrientes y luz, de forma más rápida y eficiente.

Te explicaremos de manera fácil y completa:
✅ Qué es la hidroponía y por qué no se necesita tierra
✅ Cómo se alimentan las plantas a nivel biológico
✅ Los componentes básicos de un sistema hidropónico
✅ Ventajas para ahorrar agua, espacio y recursos
✅ Por qué se usa en granjas urbanas, desiertos e incluso en el espacio 🚀

🌎 Aprende cómo la ciencia está revolucionando la agricultura y cómo tú también puedes empezar a cultivar en casa.

🔔 Suscríbete para más videos sobre agricultura inteligente y sostenibilidad.

#curiosidades #datoscurisos #explore #facts #tecnologia #technology #tech #cultivo #hidroponia #plants #earth #explorepage #science #natural #naturaleza #naturalhealth #health #salud #datoscuriososdelmundo #fy #fypp #fypシ゚viral",2025-10-05T18:00:06Z,UChOuQTrD9XSv9vNgJh8MjQw,Curiosidades al descubierto,,28,PT7M14S,434,345,0,hd,es-419
63qQ34KWMUc,¿Que es un servidor DNS? #curiosidades #datoscurisos #tecnologia #technology #server #online #fypp,"Descubre la magia de los servidores

Haz click en el video relacionado para ver el video completo!

#curiosidades #science #ciencia #server #servidor #tecnologia #technology #tech #fy #sabiasque #explore #explorepage #reels #shorts #shortvideo #shortsfeed #clips #datoscurisos #facts #factshorts",2025-10-05T14:00:14Z,UChOuQTrD9XSv9vNgJh8MjQw,Curiosidades al descubierto,,28,PT37S,37,1048,0,hd,es-419
KUfoqfnhcqo,¿Qué pasaría si los océanos se evaporaran? #curiosidades #datoscurisos #ocean #ciencia #facts #fy,"¿Alguna vez te has preguntado qué pasaría si todos los océanos del planeta desaparecieran en forma de vapor? El resultado no es solo un mundo seco… sino un colapso total del clima, la vida y la estabilidad de la Tierra. En menos de un minuto, te explico por qué perder los océanos sería el principio del fin. 🌍🔥

#curiosidades #datoscurisos #facts #factshorts #fact #factsvideo #ciencia #science #cienciafácil #evaporation #lava #volcano #oceano #océano #explore #exploremore #explorepage #fy #fyp",2025-10-04T20:00:11Z,UChOuQTrD9XSv9vNgJh8MjQw,Curiosidades al descubierto,,28,PT57S,57,1041,0,hd,es-419
TKYjyd2Nv-0,¿Cómo funcionan los servidores? La base oculta que sostiene la era digital,"¿Alguna vez te has preguntado qué pasa detrás de escena cada vez que entras a una página web, ves un video en streaming o mandas un mensaje? 🌐💻
En este video descubrirás cómo funcionan los servidores de una manera clara, sencilla y completa, aunque no tengas conocimientos técnicos.

Aprenderás:
🔹 Qué es realmente un servidor y por qué es el “cerebro” de internet.
🔹 Cómo viaja la información desde tu dispositivo hasta los centros de datos.
🔹 La diferencia entre servidores físicos y la nube.
🔹 Por qué los gigantes como Google, YouTube o Netflix nunca se caen.
🔹 Datos curiosos y ejemplos fáciles de entender.

Te lo explico con analogías simples, ejemplos reales y detalles técnicos explicados de forma que cualquiera pueda comprenderlo.
Si quieres entender el corazón que mantiene viva la web, ¡este video es para ti! 🚀
#curiosidades #datoscurisos #explore #smartphone #facts #tecnologia #science #explorepage #fy #ciencia #technology #tech #technicalanalysis #server #servers #informatica #computadora #pc #pcgaming #onlineservice #onlineservices #onlineserver #videojuegos #datosinteresantes #information #youtube #netflix #facebook",2025-10-04T18:00:06Z,UChOuQTrD9XSv9vNgJh8MjQw,Curiosidades al descubierto,,28,PT4M30S,270,29,0,hd,es-419
F1ULPpNl-Co,¿Qué pasaría si el Sol desaparece? #curiosidades #datoscurisos #science #ciencia #sol #shortsviral,"☀️ ¿Qué pasaría si el Sol desapareciera de repente?

Durante 8 minutos no notaríamos nada... pero después, el caos comenzaría. La Tierra saldría disparada por el espacio, las temperaturas caerían a niveles extremos y la vida como la conocemos colapsaría.

En este Short te explico paso a paso cómo sería el fin del mundo si nuestra estrella dejara de existir. 🌌

🎙 Ciencia rápida, curiosa y al grano.
📲 ¡Dale like, comenta y sigue el canal para más Shorts como este!

#curiosidades #datoscurisos #tecnologia #facts #sabiasque #science #explorepage #sun #sunday #nasa #space #outerspace #espacioexterior #español #youtube",2025-10-03T13:00:35Z,UChOuQTrD9XSv9vNgJh8MjQw,Curiosidades al descubierto,,28,PT1M13S,73,888,2,hd,es-419
nov0V75VZu0,¿Qué pasó con estos formatos legendarios? #curiosidades #tecnologia #tech #technology #bluray #fy,"Descubre la ciencia oculta detrás de cada disco que has reproducido.

Dale click al video enlazado para descubrir la ciencia completa en el video entero!

#science  #curiosidades  #datoscurisos  #cd  #dvd  #disco   #formato  #explore  #explorepage  #tech  #technology   #tecnologia  #tecnología #technicalanalysis #facts #factshorts #factvideo #factsdaily #explore #viral #viralshort #viralvideo #viralshorts #shortvideo #shorts",2025-09-30T17:01:08Z,UChOuQTrD9XSv9vNgJh8MjQw,Curiosidades al descubierto,,28,PT51S,51,1360,0,hd,es-419
qyQtX8RbHPc,¿Láser microscópico en tus discos? #curiosidades #tecnologia #tech #technology #ciencia #format #fy,"Descubre la ciencia oculta detrás de cada disco que has reproducido.

Dale click al video enlazado para descubrir la ciencia completa en el video entero!

#science #curiosidades #datoscuriososdelmundo  #cd #dvd #disco #formato #explore  #explorepage  #tech  #technology   #tecnologia  #tecnología #technicalanalysis #facts #factshorts #factvideo #factsdaily #explore #viral #viralshort #viralvideo #viralshorts #viralvideos #tecnology #parati #smart #laser #fact #datoscuriosos #format #newera #actualidad #futuro #cds #samsung #google #linux #laserdisc #vhs #cassette",2025-09-30T16:00:08Z,UChOuQTrD9XSv9vNgJh8MjQw,Curiosidades al descubierto,,28,PT41S,41,1493,0,hd,es-419
w6mRdrobud8,¿Secreto oculto dentro de un CD? #tecnologia #technology #ciencia #explore #fy #facts,"Descubre la ciencia oculta detrás de cada disco que has reproducido.

Dale click al video enlazado para descubrir la ciencia completa en el video entero!

#science #curiosidades #datoscurisos #cd #dvd #disco #formato #explore #explorepage #tech #technology #tecnologia #tecnología #technicalanalysis #viral #exploremore #viralvideo #viralshort #viralshorts #youtube #youtubeshorts #shortsvideo #shortsviral #shortsfeed #music #musicplayer  #viralshortvideo #sabiasque #youtubechannel #youtubevideos #parati",2025-09-30T15:50:05Z,UChOuQTrD9XSv9vNgJh8MjQw,Curiosidades al descubierto,,28,PT34S,34,1366,0,hd,es-419
N32gOrjMuck,¿Qué tan peligrosa es una bomba nuclear para la Tierra? #curiosidades #ciencia #science #nuclear,"Explora el verdadero alcance de una explosión nuclear: desde la física detrás de la fisión y la fusión, hasta sus efectos en el clima, la radiación y los ecosistemas globales. En solo un minuto, descubre por qué una sola bomba puede cambiar el futuro del planeta.

#curiosidades #datoscurisos #science #ciencia #tecnologia #tech #technology #nuclear #fallout #postapocalyptic #datoscuriososdelmundo #explore #shortvideo #clips #shortsfeed #shortfeed #shortseducativos #parati #foryou #fy #explore #explorepage #exploremore #facts #factshorts #nuclearwar #nuclearweapons #guerranuclear #nuclearleak #bunker #supervivencia #survival",2025-09-28T23:00:02Z,UChOuQTrD9XSv9vNgJh8MjQw,Curiosidades al descubierto,,28,PT45S,45,4599,3,hd,es-419
rXN1blOXcAM,¿Cómo funciona un CD por dentro? La física que guarda tu música y películas,"Descubre la ciencia oculta detrás de cada disco que has reproducido.
En este video exploramos cómo funciona un disco óptico por dentro: desde la fina estructura de policarbonato que almacena miles de millones de microhoyos, hasta el láser que “lee” la información con precisión nanométrica. Verás cómo la luz, la reflexión y la interferencia permiten que música, películas y datos completos se guarden en un simple círculo brillante. Además, comparamos CD, DVD, Blu-ray y los modernos Ultra HD para entender por qué cambian la capacidad y la calidad. Una inmersión en física, materiales y tecnología que revela el ingenio que hace posible tu entretenimiento cotidiano.

Si te gusta todo relacionado al audio, música y formatos, 

Te dejo mi faceta musical en este enlace ⬇

Escúchala en Spotify: https://open.spotify.com/artist/3lZQRV1Ej2ijGVM9hJn7Qh?si=VxcvE_3zTJirDiROJNndUw

También disponible en Apple Music / YouTube Music o cualquier plataforma que uses



#curiosidades #datoscurisos #tecnologia #tech  #disco #cd #compactdisc #laserdisc #bluray #dvd #laser #ciencia #science",2025-09-27T14:30:06Z,UChOuQTrD9XSv9vNgJh8MjQw,Curiosidades al descubierto,,28,PT6M36S,396,2133,6,hd,es-419
